1122;62,091057;20170202T123140;Passthrough;True;0,1;Indicator Limit 0;1,5;False;0;Indicator Limit 1;1,5;False;0;Indicator Limit 2;1,5;False;0;Indicator Limit 3;1,5;False;0;Indicator Obstacle 4;0,7041594;False;0;Indicator Obstacle 5;0,7727922;False;0;0
1123;62,36384;20170202T123141;Passthrough;True;0,1;Indicator Limit 0;1,5;False;0;Indicator Limit 1;1,5;False;0;Indicator Limit 2;1,5;False;0;Indicator Limit 3;1,5;False;0;Indicator Obstacle 4;0,7041594;False;0;Indicator Obstacle 5;0,7727922;False;0;0
1125;62,802752;20170202T123141;Passthrough;True;0,1;Indicator Limit 0;1,264;False;0;Indicator Limit 1;1,736;False;0;Indicator Limit 2;1,583;False;0;Indicator Limit 3;1,417;False;0;Indicator Obstacle 4;0,9281403;False;0;Indicator Obstacle 5;0,8992801;False;0;0
1126;62,997528;20170202T123141;Passthrough;True;0,1;Indicator Limit 0;1,121;False;0;Indicator Limit 1;1,879;False;0;Indicator Limit 2;1,658;False;0;Indicator Limit 3;1,342;False;0;Indicator Obstacle 4;1,08411;False;0;Indicator Obstacle 5;0,9786497;False;0;0
1127;63,197875;20170202T123142;Passthrough;True;0,1;Indicator Limit 0;1,068;False;0;Indicator Limit 1;1,932;False;0;Indicator Limit 2;1,721;False;0;Indicator Limit 3;1,279;False;0;Indicator Obstacle 4;1,165673;False;0;Indicator Obstacle 5;0,9950802;False;0;0
1128;63,393403;20170202T123142;Passthrough;True;0,1;Indicator Limit 0;1,235;False;0;Indicator Limit 1;1,765;False;0;Indicator Limit 2;1,669;False;0;Indicator Limit 3;1,331;False;0;Indicator Obstacle 4;1,008968;False;0;Indicator Obstacle 5;0,8753494;False;0;0
1129;63,594543;20170202T123142;Passthrough;True;0,1;Indicator Limit 0;1,442;False;0;Indicator Limit 1;1,558;False;0;Indicator Limit 2;1,567;False;0;Indicator Limit 3;1,433;False;0;Indicator Obstacle 4;0,7927696;False;0;Indicator Obstacle 5;0,769509;False;0;0
1130;63,784119;20170202T123142;Passthrough;True;0,1;Indicator Limit 0;1,716;False;0;Indicator Limit 1;1,284;False;0;Indicator Limit 2;1,432;False;0;Indicator Limit 3;1,568;False;0;Indicator Obstacle 4;0,5165038;False;0;Indicator Obstacle 5;0,6852763;False;0;0
1131;64,017275;20170202T123142;Passthrough;True;0,1;Indicator Limit 0;1,235;False;0;Indicator Limit 1;1,765;False;0;Indicator Limit 2;1,669;False;0;Indicator Limit 3;1,331;False;0;Indicator Obstacle 4;1,008968;False;0;Indicator Obstacle 5;0,8753494;False;0;0
1132;64,20072;20170202T123143;Passthrough;True;0,1;Indicator Limit 0;1,235;False;0;Indicator Limit 1;1,765;False;0;Indicator Limit 2;1,669;False;0;Indicator Limit 3;1,331;False;0;Indicator Obstacle 4;1,008968;False;0;Indicator Obstacle 5;0,8753494;False;0;0
1133;64,370442;20170202T123143;Passthrough;True;0,1;Indicator Limit 0;1,235;False;0;Indicator Limit 1;1,765;False;0;Indicator Limit 2;1,669;False;0;Indicator Limit 3;1,331;False;0;Indicator Obstacle 4;1,008968;False;0;Indicator Obstacle 5;0,8753494;False;0;0
1134;64,558683;20170202T123143;Passthrough;True;0,1;Indicator Limit 0;1,442;False;0;Indicator Limit 1;1,558;False;0;Indicator Limit 2;1,567;False;0;Indicator Limit 3;1,433;False;0;Indicator Obstacle 4;0,7927696;False;0;Indicator Obstacle 5;0,769509;False;0;0
1135;64,793288;20170202T123143;Passthrough;True;0,1;Indicator Limit 0;2,029;False;0;Indicator Limit 1;0,971;False;0;Indicator Limit 2;1,377;False;0;Indicator Limit 3;1,623;False;0;Indicator Obstacle 4;0,3229033;False;0;Indicator Obstacle 5;0,5881958;False;0;0
1136;65,040335;20170202T123143;Passthrough;True;0,1;Indicator Limit 0;2,061;False;0;Indicator Limit 1;0,9389999;False;0;Indicator Limit 2;1,41;False;0;Indicator Limit 3;1,59;False;0;Indicator Obstacle 4;0,3445241;False;0;Indicator Obstacle 5;0,5464324;False;0;0
1137;65,285699;20170202T123144;Passthrough;True;0,1;Indicator Limit 0;2,002;False;0;Indicator Limit 1;0,9979999;False;0;Indicator Limit 2;1,436;False;0;Indicator Limit 3;1,564;False;0;Indicator Obstacle 4;0,3875246;False;0;Indicator Obstacle 5;0,5429285;False;0;0
1138;65,510175;20170202T123144;Passthrough;True;0,1;Indicator Limit 0;1,946;False;0;Indicator Limit 1;1,054;False;0;Indicator Limit 2;1,448;False;0;Indicator Limit 3;1,552;False;0;Indicator Obstacle 4;0,4189232;False;0;Indicator Obstacle 5;0,5547131;False;0;0
1139;65,741127;20170202T123144;Passthrough;True;0,1;Indicator Limit 0;1,918;False;0;Indicator Limit 1;1,082;False;0;Indicator Limit 2;1,447;False;0;Indicator Limit 3;1,553;False;0;Indicator Obstacle 4;0,4291571;False;0;Indicator Obstacle 5;0,5679573;False;0;0
1140;65,948243;20170202T123144;Passthrough;True;0,1;Indicator Limit 0;1,921;False;0;Indicator Limit 1;1,079;False;0;Indicator Limit 2;1,443;False;0;Indicator Limit 3;1,557;False;0;Indicator Obstacle 4;0,4242781;False;0;Indicator Obstacle 5;0,5701822;False;0;0
1141;66,154581;20170202T123145;Passthrough;True;0,1;Indicator Limit 0;1,929;False;0;Indicator Limit 1;1,071;False;0;Indicator Limit 2;1,44;False;0;Indicator Limit 3;1,56;False;0;Indicator Obstacle 4;0,4182816;False;0;Indicator Obstacle 5;0,5693179;False;0;0
1142;66,354639;20170202T123145;Passthrough;True;0,1;Indicator Limit 0;1,935;False;0;Indicator Limit 1;1,065;False;0;Indicator Limit 2;1,439;False;0;Indicator Limit 3;1,561;False;0;Indicator Obstacle 4;0,4149568;False;0;Indicator Obstacle 5;0,5675888;False;0;0
1143;66,556343;20170202T123145;Passthrough;True;0,1;Indicator Limit 0;1,94;False;0;Indicator Limit 1;1,06;False;0;Indicator Limit 2;1,438;False;0;Indicator Limit 3;1,562;False;0;Indicator Obstacle 4;0,4120548;False;0;Indicator Obstacle 5;0,5663226;False;0;0
1144;66,733;20170202T123145;Passthrough;True;0,1;Indicator Limit 0;1,939997;False;0;Indicator Limit 1;1,060003;False;0;Indicator Limit 2;1,438;False;0;Indicator Limit 3;1,562;False;0;Indicator Obstacle 4;0,4120561;False;0;Indicator Obstacle 5;0,566324;False;0;0
1145;66,950729;20170202T123145;Passthrough;True;0,1;Indicator Limit 0;1,940001;False;0;Indicator Limit 1;1,059999;False;0;Indicator Limit 2;1,438;False;0;Indicator Limit 3;1,562;False;0;Indicator Obstacle 4;0,4120546;False;0;Indicator Obstacle 5;0,5663223;False;0;0
1146;67,162482;20170202T123146;Passthrough;True;0,1;Indicator Limit 0;1,939996;False;0;Indicator Limit 1;1,060004;False;0;Indicator Limit 2;1,438;False;0;Indicator Limit 3;1,562;False;0;Indicator Obstacle 4;0,4120566;False;0;Indicator Obstacle 5;0,5663245;False;0;0
1147;67,352194;20170202T123146;Passthrough;True;0,1;Indicator Limit 0;1,939999;False;0;Indicator Limit 1;1,060001;False;0;Indicator Limit 2;1,438;False;0;Indicator Limit 3;1,562;False;0;Indicator Obstacle 4;0,4120553;False;0;Indicator Obstacle 5;0,566323;False;0;0
1148;67,55452;20170202T123146;Passthrough;True;0,1;Indicator Limit 0;1,939998;False;0;Indicator Limit 1;1,060002;False;0;Indicator Limit 2;1,438;False;0;Indicator Limit 3;1,562;False;0;Indicator Obstacle 4;0,4120554;False;0;Indicator Obstacle 5;0,5663233;False;0;0
1149;67,771311;20170202T123146;Passthrough;True;0,1;Indicator Limit 0;1,939999;False;0;Indicator Limit 1;1,060001;False;0;Indicator Limit 2;1,438;False;0;Indicator Limit 3;1,562;False;0;Indicator Obstacle 4;0,4120554;False;0;Indicator Obstacle 5;0,5663232;False;0;0
1150;67,986135;20170202T123146;Passthrough;True;0,1;Indicator Limit 0;1,939999;False;0;Indicator Limit 1;1,060001;False;0;Indicator Limit 2;1,438;False;0;Indicator Limit 3;1,562;False;0;Indicator Obstacle 4;0,4120554;False;0;Indicator Obstacle 5;0,5663232;False;0;0
1152;68,390887;20170202T123147;Passthrough;True;0,1;Indicator Limit 0;1,939999;False;0;Indicator Limit 1;1,060001;False;0;Indicator Limit 2;1,438;False;0;Indicator Limit 3;1,562;False;0;Indicator Obstacle 4;0,4120553;False;0;Indicator Obstacle 5;0,566323;False;0;0
1153;68,599343;20170202T123147;Passthrough;True;0,1;Indicator Limit 0;1,939999;False;0;Indicator Limit 1;1,060001;False;0;Indicator Limit 2;1,438;False;0;Indicator Limit 3;1,562;False;0;Indicator Obstacle 4;0,4120553;False;0;Indicator Obstacle 5;0,566323;False;0;0
1154;68,792405;20170202T123147;Passthrough;True;0,1;Indicator Limit 0;1,939999;False;0;Indicator Limit 1;1,060001;False;0;Indicator Limit 2;1,438;False;0;Indicator Limit 3;1,562;False;0;Indicator Obstacle 4;0,4120553;False;0;Indicator Obstacle 5;0,566323;False;0;0
1155;68,977017;20170202T123147;Passthrough;True;0,1;Indicator Limit 0;1,939999;False;0;Indicator Limit 1;1,060001;False;0;Indicator Limit 2;1,438;False;0;Indicator Limit 3;1,562;False;0;Indicator Obstacle 4;0,4120553;False;0;Indicator Obstacle 5;0,566323;False;0;0
1156;69,185451;20170202T123148;Passthrough;True;0,1;Indicator Limit 0;1,939999;False;0;Indicator Limit 1;1,060001;False;0;Indicator Limit 2;1,438;False;0;Indicator Limit 3;1,562;False;0;Indicator Obstacle 4;0,4120553;False;0;Indicator Obstacle 5;0,566323;False;0;0
1157;69,389083;20170202T123148;Passthrough;True;0,1;Indicator Limit 0;1,939999;False;0;Indicator Limit 1;1,060001;False;0;Indicator Limit 2;1,438;False;0;Indicator Limit 3;1,562;False;0;Indicator Obstacle 4;0,4120553;False;0;Indicator Obstacle 5;0,566323;False;0;0
1158;69,579585;20170202T123148;Passthrough;True;0,1;Indicator Limit 0;1,939999;False;0;Indicator Limit 1;1,060001;False;0;Indicator Limit 2;1,438;False;0;Indicator Limit 3;1,562;False;0;Indicator Obstacle 4;0,4120553;False;0;Indicator Obstacle 5;0,566323;False;0;0
1159;69,763709;20170202T123148;Passthrough;True;0,1;Indicator Limit 0;1,939999;False;0;Indicator Limit 1;1,060001;False;0;Indicator Limit 2;1,438;False;0;Indicator Limit 3;1,562;False;0;Indicator Obstacle 4;0,4120553;False;0;Indicator Obstacle 5;0,566323;False;0;0
1160;69,948162;20170202T123148;Passthrough;True;0,1;Indicator Limit 0;1,939995;False;0;Indicator Limit 1;1,060005;False;0;Indicator Limit 2;1,438;False;0;Indicator Limit 3;1,562;False;0;Indicator Obstacle 4;0,4120567;False;0;Indicator Obstacle 5;0,5663247;False;0;0
1161;70,134133;20170202T123148;Passthrough;True;0,1;Indicator Limit 0;1,939999;False;0;Indicator Limit 1;1,060001;False;0;Indicator Limit 2;1,438;False;0;Indicator Limit 3;1,562;False;0;Indicator Obstacle 4;0,4120553;False;0;Indicator Obstacle 5;0,566323;False;0;0
1162;70,318526;20170202T123149;Passthrough;True;0,1;Indicator Limit 0;1,939999;False;0;Indicator Limit 1;1,060001;False;0;Indicator Limit 2;1,438;False;0;Indicator Limit 3;1,562;False;0;Indicator Obstacle 4;0,4120553;False;0;Indicator Obstacle 5;0,566323;False;0;0
1163;70,502692;20170202T123149;Passthrough;True;0,1;Indicator Limit 0;1,939999;False;0;Indicator Limit 1;1,060001;False;0;Indicator Limit 2;1,438;False;0;Indicator Limit 3;1,562;False;0;Indicator Obstacle 4;0,4120553;False;0;Indicator Obstacle 5;0,566323;False;0;0
1164;70,693286;20170202T123149;Passthrough;True;0,1;Indicator Limit 0;1,939999;False;0;Indicator Limit 1;1,060001;False;0;Indicator Limit 2;1,438;False;0;Indicator Limit 3;1,562;False;0;Indicator Obstacle 4;0,4120553;False;0;Indicator Obstacle 5;0,566323;False;0;0
1165;70,885899;20170202T123149;Passthrough;True;0,1;Indicator Limit 0;1,939999;False;0;Indicator Limit 1;1,060001;False;0;Indicator Limit 2;1,438;False;0;Indicator Limit 3;1,562;False;0;Indicator Obstacle 4;0,4120553;False;0;Indicator Obstacle 5;0,566323;False;0;0
1166;71,070098;20170202T123149;Passthrough;True;0,1;Indicator Limit 0;1,939999;False;0;Indicator Limit 1;1,060001;False;0;Indicator Limit 2;1,438;False;0;Indicator Limit 3;1,562;False;0;Indicator Obstacle 4;0,4120553;False;0;Indicator Obstacle 5;0,566323;False;0;0
1167;71,265545;20170202T123150;Passthrough;True;0,1;Indicator Limit 0;1,939999;False;0;Indicator Limit 1;1,060001;False;0;Indicator Limit 2;1,438;False;0;Indicator Limit 3;1,562;False;0;Indicator Obstacle 4;0,4120553;False;0;Indicator Obstacle 5;0,566323;False;0;0
1168;71,459812;20170202T123150;Passthrough;True;0,1;Indicator Limit 0;1,939999;False;0;Indicator Limit 1;1,060001;False;0;Indicator Limit 2;1,438;False;0;Indicator Limit 3;1,562;False;0;Indicator Obstacle 4;0,4120553;False;0;Indicator Obstacle 5;0,566323;False;0;0
1169;71,641081;20170202T123150;Passthrough;True;0,1;Indicator Limit 0;1,939999;False;0;Indicator Limit 1;1,060001;False;0;Indicator Limit 2;1,438;False;0;Indicator Limit 3;1,562;False;0;Indicator Obstacle 4;0,4120553;False;0;Indicator Obstacle 5;0,566323;False;0;0
1170;71,848129;20170202T123150;Passthrough;True;0,1;Indicator Limit 0;1,939999;False;0;Indicator Limit 1;1,060001;False;0;Indicator Limit 2;1,438;False;0;Indicator Limit 3;1,562;False;0;Indicator Obstacle 4;0,4120553;False;0;Indicator Obstacle 5;0,566323;False;0;0
1171;72,024823;20170202T123150;Passthrough;True;0,1;Indicator Limit 0;1,939995;False;0;Indicator Limit 1;1,060005;False;0;Indicator Limit 2;1,438;False;0;Indicator Limit 3;1,562;False;0;Indicator Obstacle 4;0,4120567;False;0;Indicator Obstacle 5;0,5663247;False;0;0
1172;72,218945;20170202T123151;Passthrough;True;0,1;Indicator Limit 0;1,939999;False;0;Indicator Limit 1;1,060001;False;0;Indicator Limit 2;1,438;False;0;Indicator Limit 3;1,562;False;0;Indicator Obstacle 4;0,4120553;False;0;Indicator Obstacle 5;0,566323;False;0;0
1173;72,421823;20170202T123151;Passthrough;True;0,1;Indicator Limit 0;1,939999;False;0;Indicator Limit 1;1,060001;False;0;Indicator Limit 2;1,438;False;0;Indicator Limit 3;1,562;False;0;Indicator Obstacle 4;0,4120553;False;0;Indicator Obstacle 5;0,566323;False;0;0
1174;72,595118;20170202T123151;Passthrough;True;0,1;Indicator Limit 0;1,939999;False;0;Indicator Limit 1;1,060001;False;0;Indicator Limit 2;1,438;False;0;Indicator Limit 3;1,562;False;0;Indicator Obstacle 4;0,4120553;False;0;Indicator Obstacle 5;0,566323;False;0;0
1175;72,785858;20170202T123151;Passthrough;True;0,1;Indicator Limit 0;1,939999;False;0;Indicator Limit 1;1,060001;False;0;Indicator Limit 2;1,438;False;0;Indicator Limit 3;1,562;False;0;Indicator Obstacle 4;0,4120553;False;0;Indicator Obstacle 5;0,566323;False;0;0
1176;72,987748;20170202T123151;Passthrough;True;0,1;Indicator Limit 0;1,939999;False;0;Indicator Limit 1;1,060001;False;0;Indicator Limit 2;1,438;False;0;Indicator Limit 3;1,562;False;0;Indicator Obstacle 4;0,4120553;False;0;Indicator Obstacle 5;0,566323;False;0;0
1177;73,171298;20170202T123152;Passthrough;True;0,1;Indicator Limit 0;1,939999;False;0;Indicator Limit 1;1,060001;False;0;Indicator Limit 2;1,438;False;0;Indicator Limit 3;1,562;False;0;Indicator Obstacle 4;0,4120553;False;0;Indicator Obstacle 5;0,566323;False;0;0
1178;73,351097;20170202T123152;Passthrough;True;0,1;Indicator Limit 0;1,939999;False;0;Indicator Limit 1;1,060001;False;0;Indicator Limit 2;1,438;False;0;Indicator Limit 3;1,562;False;0;Indicator Obstacle 4;0,4120553;False;0;Indicator Obstacle 5;0,566323;False;0;0
1179;73,541377;20170202T123152;Passthrough;True;0,1;Indicator Limit 0;1,939999;False;0;Indicator Limit 1;1,060001;False;0;Indicator Limit 2;1,438;False;0;Indicator Limit 3;1,562;False;0;Indicator Obstacle 4;0,4120553;False;0;Indicator Obstacle 5;0,566323;False;0;0
1180;73,716961;20170202T123152;Passthrough;True;0,1;Indicator Limit 0;1,939999;False;0;Indicator Limit 1;1,060001;False;0;Indicator Limit 2;1,438;False;0;Indicator Limit 3;1,562;False;0;Indicator Obstacle 4;0,4120553;False;0;Indicator Obstacle 5;0,566323;False;0;0
1181;73,901992;20170202T123152;Passthrough;True;0,1;Indicator Limit 0;1,939999;False;0;Indicator Limit 1;1,060001;False;0;Indicator Limit 2;1,438;False;0;Indicator Limit 3;1,562;False;0;Indicator Obstacle 4;0,4120553;False;0;Indicator Obstacle 5;0,566323;False;0;0
1183;74,309566;20170202T123153;Passthrough;True;0,1;Indicator Limit 0;1,939999;False;0;Indicator Limit 1;1,060001;False;0;Indicator Limit 2;1,438;False;0;Indicator Limit 3;1,562;False;0;Indicator Obstacle 4;0,4120553;False;0;Indicator Obstacle 5;0,566323;False;0;0
1184;74,486239;20170202T123153;Passthrough;True;0,1;Indicator Limit 0;1,939999;False;0;Indicator Limit 1;1,060001;False;0;Indicator Limit 2;1,438;False;0;Indicator Limit 3;1,562;False;0;Indicator Obstacle 4;0,4120553;False;0;Indicator Obstacle 5;0,566323;False;0;0
1185;74,691381;20170202T123153;Passthrough;True;0,1;Indicator Limit 0;1,939999;False;0;Indicator Limit 1;1,060001;False;0;Indicator Limit 2;1,438;False;0;Indicator Limit 3;1,562;False;0;Indicator Obstacle 4;0,4120553;False;0;Indicator Obstacle 5;0,566323;False;0;0
1186;74,896594;20170202T123153;Passthrough;True;0,1;Indicator Limit 0;1,939999;False;0;Indicator Limit 1;1,060001;False;0;Indicator Limit 2;1,438;False;0;Indicator Limit 3;1,562;False;0;Indicator Obstacle 4;0,4120553;False;0;Indicator Obstacle 5;0,566323;False;0;0
1187;75,112818;20170202T123153;Passthrough;True;0,1;Indicator Limit 0;1,939999;False;0;Indicator Limit 1;1,060001;False;0;Indicator Limit 2;1,438;False;0;Indicator Limit 3;1,562;False;0;Indicator Obstacle 4;0,4120553;False;0;Indicator Obstacle 5;0,566323;False;0;0
1188;75,156266;20170202T123154;Passthrough;True;0,1;Indicator Limit 0;2,227999;False;0;Indicator Limit 1;0,772001;False;0;Indicator Limit 2;1,401;False;0;Indicator Limit 3;1,599;False;0;Indicator Obstacle 4;0,3042296;False;0;Indicator Obstacle 5;0,5136988;False;0;0
1189;75,341323;20170202T123154;Passthrough;True;0,1;Indicator Limit 0;2,148999;False;0;Indicator Limit 1;0,851001;False;0;Indicator Limit 2;1,373;False;0;Indicator Limit 3;1,627;False;0;Indicator Obstacle 4;0,2876105;False;0;Indicator Obstacle 5;0,5572277;False;0;0
1190;75,545827;20170202T123154;Passthrough;True;0,1;Indicator Limit 0;1,939999;False;0;Indicator Limit 1;1,060001;False;0;Indicator Limit 2;1,438;False;0;Indicator Limit 3;1,562;False;0;Indicator Obstacle 4;0,4120553;False;0;Indicator Obstacle 5;0,566323;False;0;0
1191;75,747411;20170202T123154;Passthrough;True;0,1;Indicator Limit 0;2,079999;False;0;Indicator Limit 1;0,920001;False;0;Indicator Limit 2;1,338;False;0;Indicator Limit 3;1,662;False;0;Indicator Obstacle 4;0,2700939;False;0;Indicator Obstacle 5;0,6091639;False;0;0
1192;75,951999;20170202T123154;Passthrough;True;0,1;Indicator Limit 0;2,055999;False;0;Indicator Limit 1;0,9440011;False;0;Indicator Limit 2;1,352;False;0;Indicator Limit 3;1,648;False;0;Indicator Obstacle 4;0,290595;False;0;Indicator Obstacle 5;0,6030143;False;0;0
1193;76,163647;20170202T123155;Passthrough;True;0,1;Indicator Limit 0;2,056999;False;0;Indicator Limit 1;0,943001;False;0;Indicator Limit 2;1,407;False;0;Indicator Limit 3;1,593;False;0;Indicator Obstacle 4;0,3427922;False;0;Indicator Obstacle 5;0,5505706;False;0;0
1194;76,367182;20170202T123155;Passthrough;True;0,1;Indicator Limit 0;2,175999;False;0;Indicator Limit 1;0,8240011;False;0;Indicator Limit 2;1,384;False;0;Indicator Limit 3;1,616;False;0;Indicator Obstacle 4;0,2937458;False;0;Indicator Obstacle 5;0,5404;False;0;0
1195;76,574526;20170202T123155;Passthrough;True;0,1;Indicator Limit 0;2,076999;False;0;Indicator Limit 1;0,9230011;False;0;Indicator Limit 2;1,466;False;0;Indicator Limit 3;1,534;False;0;Indicator Obstacle 4;0,3942513;False;0;Indicator Obstacle 5;0,488274;False;0;0
1196;76,773168;20170202T123155;Passthrough;True;0,1;Indicator Limit 0;2,091999;False;0;Indicator Limit 1;0,9080011;False;0;Indicator Limit 2;1,479;False;0;Indicator Limit 3;1,521;False;0;Indicator Obstacle 4;0,4032748;False;0;Indicator Obstacle 5;0,4711362;False;0;0
1197;76,966323;20170202T123155;Passthrough;True;0,1;Indicator Limit 0;2,100999;False;0;Indicator Limit 1;0,899001;False;0;Indicator Limit 2;1,474;False;0;Indicator Limit 3;1,526;False;0;Indicator Obstacle 4;0,396369;False;0;Indicator Obstacle 5;0,4730763;False;0;0
1198;77,150734;20170202T123156;Passthrough;True;0,1;Indicator Limit 0;2,104999;False;0;Indicator Limit 1;0,8950011;False;0;Indicator Limit 2;1,465;False;0;Indicator Limit 3;1,535;False;0;Indicator Obstacle 4;0,3867076;False;0;Indicator Obstacle 5;0,4804338;False;0;0
1199;77,359242;20170202T123156;Passthrough;True;0,1;Indicator Limit 0;2,106999;False;0;Indicator Limit 1;0,8930011;False;0;Indicator Limit 2;1,45;False;0;Indicator Limit 3;1,55;False;0;Indicator Obstacle 4;0,3716361;False;0;Indicator Obstacle 5;0,4941577;False;0;0
1200;77,569741;20170202T123156;Passthrough;True;0,1;Indicator Limit 0;2,106998;False;0;Indicator Limit 1;0,8930022;False;0;Indicator Limit 2;1,45;False;0;Indicator Limit 3;1,55;False;0;Indicator Obstacle 4;0,3716363;False;0;Indicator Obstacle 5;0,494158;False;0;0
1201;77,782071;20170202T123156;Passthrough;True;0,1;Indicator Limit 0;2,106998;False;0;Indicator Limit 1;0,8930017;False;0;Indicator Limit 2;1,45;False;0;Indicator Limit 3;1,55;False;0;Indicator Obstacle 4;0,3716362;False;0;Indicator Obstacle 5;0,4941579;False;0;0
1202;77,971744;20170202T123156;Passthrough;True;0,1;Indicator Limit 0;2,106999;False;0;Indicator Limit 1;0,8930011;False;0;Indicator Limit 2;1,45;False;0;Indicator Limit 3;1,55;False;0;Indicator Obstacle 4;0,3716361;False;0;Indicator Obstacle 5;0,4941577;False;0;0
1203;78,180126;20170202T123157;Passthrough;True;0,1;Indicator Limit 0;2,107;False;0;Indicator Limit 1;0,893;False;0;Indicator Limit 2;1,45;False;0;Indicator Limit 3;1,55;False;0;Indicator Obstacle 4;0,3716359;False;0;Indicator Obstacle 5;0,4941574;False;0;0
1205;78,638802;20170202T123157;Passthrough;True;0,1;Indicator Limit 0;2,106998;False;0;Indicator Limit 1;0,8930016;False;0;Indicator Limit 2;1,45;False;0;Indicator Limit 3;1,55;False;0;Indicator Obstacle 4;0,3716362;False;0;Indicator Obstacle 5;0,4941578;False;0;0
1206;78,862936;20170202T123157;Passthrough;True;0,1;Indicator Limit 0;2,106998;False;0;Indicator Limit 1;0,8930016;False;0;Indicator Limit 2;1,45;False;0;Indicator Limit 3;1,55;False;0;Indicator Obstacle 4;0,3716362;False;0;Indicator Obstacle 5;0,4941578;False;0;0
1207;79,079176;20170202T123157;Passthrough;True;0,1;Indicator Limit 0;2,106998;False;0;Indicator Limit 1;0,8930016;False;0;Indicator Limit 2;1,45;False;0;Indicator Limit 3;1,55;False;0;Indicator Obstacle 4;0,3716362;False;0;Indicator Obstacle 5;0,4941578;False;0;0
1208;79,311646;20170202T123158;Passthrough;True;0,1;Indicator Limit 0;2,106997;False;0;Indicator Limit 1;0,8930027;False;0;Indicator Limit 2;1,45;False;0;Indicator Limit 3;1,55;False;0;Indicator Obstacle 4;0,3716365;False;0;Indicator Obstacle 5;0,4941581;False;0;0
1209;79,512607;20170202T123158;Passthrough;True;0,1;Indicator Limit 0;2,106998;False;0;Indicator Limit 1;0,8930017;False;0;Indicator Limit 2;1,45;False;0;Indicator Limit 3;1,55;False;0;Indicator Obstacle 4;0,3716362;False;0;Indicator Obstacle 5;0,4941579;False;0;0
1210;79,72212;20170202T123158;Passthrough;True;0,1;Indicator Limit 0;2,107;False;0;Indicator Limit 1;0,8929995;False;0;Indicator Limit 2;1,45;False;0;Indicator Limit 3;1,55;False;0;Indicator Obstacle 4;0,3716357;False;0;Indicator Obstacle 5;0,4941573;False;0;0
1211;79,91807;20170202T123158;Passthrough;True;0,1;Indicator Limit 0;2,106996;False;0;Indicator Limit 1;0,8930044;False;0;Indicator Limit 2;1,45;False;0;Indicator Limit 3;1,55;False;0;Indicator Obstacle 4;0,3716368;False;0;Indicator Obstacle 5;0,4941587;False;0;0
1212;80,139841;20170202T123158;Passthrough;True;0,1;Indicator Limit 0;2,106999;False;0;Indicator Limit 1;0,8930012;False;0;Indicator Limit 2;1,45;False;0;Indicator Limit 3;1,55;False;0;Indicator Obstacle 4;0,3716362;False;0;Indicator Obstacle 5;0,4941577;False;0;0
1213;80,319546;20170202T123159;Passthrough;True;0,1;Indicator Limit 0;2,106999;False;0;Indicator Limit 1;0,8930006;False;0;Indicator Limit 2;1,45;False;0;Indicator Limit 3;1,55;False;0;Indicator Obstacle 4;0,371636;False;0;Indicator Obstacle 5;0,4941576;False;0;0
1214;80,499576;20170202T123159;Passthrough;True;0,1;Indicator Limit 0;2,106999;False;0;Indicator Limit 1;0,8930006;False;0;Indicator Limit 2;1,45;False;0;Indicator Limit 3;1,55;False;0;Indicator Obstacle 4;0,371636;False;0;Indicator Obstacle 5;0,4941576;False;0;0
1215;80,696586;20170202T123159;Passthrough;True;0,1;Indicator Limit 0;2,106996;False;0;Indicator Limit 1;0,8930044;False;0;Indicator Limit 2;1,45;False;0;Indicator Limit 3;1,55;False;0;Indicator Obstacle 4;0,3716368;False;0;Indicator Obstacle 5;0,4941587;False;0;0
1216;80,885507;20170202T123159;Passthrough;True;0,1;Indicator Limit 0;2,106999;False;0;Indicator Limit 1;0,8930006;False;0;Indicator Limit 2;1,45;False;0;Indicator Limit 3;1,55;False;0;Indicator Obstacle 4;0,371636;False;0;Indicator Obstacle 5;0,4941576;False;0;0
1217;81,103104;20170202T123159;Passthrough;True;0,1;Indicator Limit 0;2,107;False;0;Indicator Limit 1;0,8930001;False;0;Indicator Limit 2;1,45;False;0;Indicator Limit 3;1,55;False;0;Indicator Obstacle 4;0,3716359;False;0;Indicator Obstacle 5;0,4941574;False;0;0
1218;81,332886;20170202T123200;Passthrough;True;0,1;Indicator Limit 0;2,106996;False;0;Indicator Limit 1;0,8930039;False;0;Indicator Limit 2;1,45;False;0;Indicator Limit 3;1,55;False;0;Indicator Obstacle 4;0,3716367;False;0;Indicator Obstacle 5;0,4941585;False;0;0
1219;81,505281;20170202T123200;Passthrough;True;0,1;Indicator Limit 0;2,107;False;0;Indicator Limit 1;0,8930001;False;0;Indicator Limit 2;1,45;False;0;Indicator Limit 3;1,55;False;0;Indicator Obstacle 4;0,3716359;False;0;Indicator Obstacle 5;0,4941574;False;0;0
1220;81,691423;20170202T123200;Passthrough;True;0,1;Indicator Limit 0;2,106999;False;0;Indicator Limit 1;0,8930006;False;0;Indicator Limit 2;1,45;False;0;Indicator Limit 3;1,55;False;0;Indicator Obstacle 4;0,371636;False;0;Indicator Obstacle 5;0,4941576;False;0;0
1221;81,896221;20170202T123200;Passthrough;True;0,1;Indicator Limit 0;2,106996;False;0;Indicator Limit 1;0,8930039;False;0;Indicator Limit 2;1,45;False;0;Indicator Limit 3;1,55;False;0;Indicator Obstacle 4;0,3716367;False;0;Indicator Obstacle 5;0,4941585;False;0;0
1222;82,109112;20170202T123200;Passthrough;True;0,1;Indicator Limit 0;2,107;False;0;Indicator Limit 1;0,8930001;False;0;Indicator Limit 2;1,45;False;0;Indicator Limit 3;1,55;False;0;Indicator Obstacle 4;0,3716359;False;0;Indicator Obstacle 5;0,4941574;False;0;0
1223;82,296201;20170202T123201;Passthrough;True;0,1;Indicator Limit 0;2,107;False;0;Indicator Limit 1;0,8930001;False;0;Indicator Limit 2;1,45;False;0;Indicator Limit 3;1,55;False;0;Indicator Obstacle 4;0,3716359;False;0;Indicator Obstacle 5;0,4941574;False;0;0
1224;82,479465;20170202T123201;Passthrough;True;0,1;Indicator Limit 0;2,106996;False;0;Indicator Limit 1;0,8930039;False;0;Indicator Limit 2;1,45;False;0;Indicator Limit 3;1,55;False;0;Indicator Obstacle 4;0,3716367;False;0;Indicator Obstacle 5;0,4941585;False;0;0
1225;82,669281;20170202T123201;Passthrough;True;0,1;Indicator Limit 0;2,107;False;0;Indicator Limit 1;0,8930001;False;0;Indicator Limit 2;1,45;False;0;Indicator Limit 3;1,55;False;0;Indicator Obstacle 4;0,3716359;False;0;Indicator Obstacle 5;0,4941574;False;0;0
1226;82,844907;20170202T123201;Passthrough;True;0,1;Indicator Limit 0;2,107;False;0;Indicator Limit 1;0,8930001;False;0;Indicator Limit 2;1,45;False;0;Indicator Limit 3;1,55;False;0;Indicator Obstacle 4;0,3716359;False;0;Indicator Obstacle 5;0,4941574;False;0;0
1227;83,029113;20170202T123201;Passthrough;True;0,1;Indicator Limit 0;2,106996;False;0;Indicator Limit 1;0,8930039;False;0;Indicator Limit 2;1,45;False;0;Indicator Limit 3;1,55;False;0;Indicator Obstacle 4;0,3716367;False;0;Indicator Obstacle 5;0,4941585;False;0;0
1228;83,222239;20170202T123202;Passthrough;True;0,1;Indicator Limit 0;2,107;False;0;Indicator Limit 1;0,8930001;False;0;Indicator Limit 2;1,45;False;0;Indicator Limit 3;1,55;False;0;Indicator Obstacle 4;0,3716359;False;0;Indicator Obstacle 5;0,4941574;False;0;0
1229;83,423421;20170202T123202;Passthrough;True;0,1;Indicator Limit 0;2,106996;False;0;Indicator Limit 1;0,8930039;False;0;Indicator Limit 2;1,45;False;0;Indicator Limit 3;1,55;False;0;Indicator Obstacle 4;0,3716367;False;0;Indicator Obstacle 5;0,4941585;False;0;0
1230;83,617884;20170202T123202;Passthrough;True;0,1;Indicator Limit 0;2,107;False;0;Indicator Limit 1;0,8930001;False;0;Indicator Limit 2;1,45;False;0;Indicator Limit 3;1,55;False;0;Indicator Obstacle 4;0,3716359;False;0;Indicator Obstacle 5;0,4941574;False;0;0
1231;83,810786;20170202T123202;Passthrough;True;0,1;Indicator Limit 0;2,107;False;0;Indicator Limit 1;0,8930001;False;0;Indicator Limit 2;1,45;False;0;Indicator Limit 3;1,55;False;0;Indicator Obstacle 4;0,3716359;False;0;Indicator Obstacle 5;0,4941574;False;0;0
1232;84,010705;20170202T123202;Passthrough;True;0,1;Indicator Limit 0;2,106996;False;0;Indicator Limit 1;0,8930039;False;0;Indicator Limit 2;1,45;False;0;Indicator Limit 3;1,55;False;0;Indicator Obstacle 4;0,3716367;False;0;Indicator Obstacle 5;0,4941585;False;0;0
1233;84,227099;20170202T123203;Passthrough;True;0,1;Indicator Limit 0;2,107;False;0;Indicator Limit 1;0,8930001;False;0;Indicator Limit 2;1,45;False;0;Indicator Limit 3;1,55;False;0;Indicator Obstacle 4;0,3716359;False;0;Indicator Obstacle 5;0,4941574;False;0;0
1234;84,430526;20170202T123203;Passthrough;True;0,1;Indicator Limit 0;2,107;False;0;Indicator Limit 1;0,8930001;False;0;Indicator Limit 2;1,45;False;0;Indicator Limit 3;1,55;False;0;Indicator Obstacle 4;0,3716359;False;0;Indicator Obstacle 5;0,4941574;False;0;0
1235;84,602311;20170202T123203;Passthrough;True;0,1;Indicator Limit 0;2,106996;False;0;Indicator Limit 1;0,8930039;False;0;Indicator Limit 2;1,45;False;0;Indicator Limit 3;1,55;False;0;Indicator Obstacle 4;0,3716367;False;0;Indicator Obstacle 5;0,4941585;False;0;0
1236;84,789603;20170202T123203;Passthrough;True;0,1;Indicator Limit 0;2,107;False;0;Indicator Limit 1;0,8930001;False;0;Indicator Limit 2;1,45;False;0;Indicator Limit 3;1,55;False;0;Indicator Obstacle 4;0,3716359;False;0;Indicator Obstacle 5;0,4941574;False;0;0
1237;84,986579;20170202T123203;Passthrough;True;0,1;Indicator Limit 0;2,106996;False;0;Indicator Limit 1;0,8930039;False;0;Indicator Limit 2;1,45;False;0;Indicator Limit 3;1,55;False;0;Indicator Obstacle 4;0,3716367;False;0;Indicator Obstacle 5;0,4941585;False;0;0
1238;85,202578;20170202T123204;Passthrough;True;0,1;Indicator Limit 0;2,107;False;0;Indicator Limit 1;0,8930001;False;0;Indicator Limit 2;1,45;False;0;Indicator Limit 3;1,55;False;0;Indicator Obstacle 4;0,3716359;False;0;Indicator Obstacle 5;0,4941574;False;0;0
1239;85,400684;20170202T123204;Passthrough;True;0,1;Indicator Limit 0;2,107;False;0;Indicator Limit 1;0,8930001;False;0;Indicator Limit 2;1,45;False;0;Indicator Limit 3;1,55;False;0;Indicator Obstacle 4;0,3716359;False;0;Indicator Obstacle 5;0,4941574;False;0;0
1240;85,594548;20170202T123204;Passthrough;True;0,1;Indicator Limit 0;2,106996;False;0;Indicator Limit 1;0,8930039;False;0;Indicator Limit 2;1,45;False;0;Indicator Limit 3;1,55;False;0;Indicator Obstacle 4;0,3716367;False;0;Indicator Obstacle 5;0,4941585;False;0;0
1241;85,786265;20170202T123204;Passthrough;True;0,1;Indicator Limit 0;2,107;False;0;Indicator Limit 1;0,8930001;False;0;Indicator Limit 2;1,45;False;0;Indicator Limit 3;1,55;False;0;Indicator Obstacle 4;0,3716359;False;0;Indicator Obstacle 5;0,4941574;False;0;0
1242;85,995461;20170202T123204;Passthrough;True;0,1;Indicator Limit 0;2,107;False;0;Indicator Limit 1;0,8930001;False;0;Indicator Limit 2;1,45;False;0;Indicator Limit 3;1,55;False;0;Indicator Obstacle 4;0,3716359;False;0;Indicator Obstacle 5;0,4941574;False;0;0
1243;86,195584;20170202T123205;Passthrough;True;0,1;Indicator Limit 0;2,106996;False;0;Indicator Limit 1;0,8930039;False;0;Indicator Limit 2;1,45;False;0;Indicator Limit 3;1,55;False;0;Indicator Obstacle 4;0,3716367;False;0;Indicator Obstacle 5;0,4941585;False;0;0
1244;86,424383;20170202T123205;Passthrough;True;0,1;Indicator Limit 0;2,107;False;0;Indicator Limit 1;0,8930001;False;0;Indicator Limit 2;1,45;False;0;Indicator Limit 3;1,55;False;0;Indicator Obstacle 4;0,3716359;False;0;Indicator Obstacle 5;0,4941574;False;0;0
1245;86,613994;20170202T123205;Passthrough;True;0,1;Indicator Limit 0;2,106996;False;0;Indicator Limit 1;0,8930039;False;0;Indicator Limit 2;1,45;False;0;Indicator Limit 3;1,55;False;0;Indicator Obstacle 4;0,3716367;False;0;Indicator Obstacle 5;0,4941585;False;0;0
1246;86,797667;20170202T123205;Passthrough;True;0,1;Indicator Limit 0;2,107;False;0;Indicator Limit 1;0,8930001;False;0;Indicator Limit 2;1,45;False;0;Indicator Limit 3;1,55;False;0;Indicator Obstacle 4;0,3716359;False;0;Indicator Obstacle 5;0,4941574;False;0;0
1247;86,996704;20170202T123205;Passthrough;True;0,1;Indicator Limit 0;2,107;False;0;Indicator Limit 1;0,8930001;False;0;Indicator Limit 2;1,45;False;0;Indicator Limit 3;1,55;False;0;Indicator Obstacle 4;0,3716359;False;0;Indicator Obstacle 5;0,4941574;False;0;0
1248;87,184422;20170202T123206;Passthrough;True;0,1;Indicator Limit 0;2,106996;False;0;Indicator Limit 1;0,8930039;False;0;Indicator Limit 2;1,45;False;0;Indicator Limit 3;1,55;False;0;Indicator Obstacle 4;0,3716367;False;0;Indicator Obstacle 5;0,4941585;False;0;0
1249;87,380797;20170202T123206;Passthrough;True;0,1;Indicator Limit 0;2,107;False;0;Indicator Limit 1;0,8930001;False;0;Indicator Limit 2;1,45;False;0;Indicator Limit 3;1,55;False;0;Indicator Obstacle 4;0,3716359;False;0;Indicator Obstacle 5;0,4941574;False;0;0
1250;87,570397;20170202T123206;Passthrough;True;0,1;Indicator Limit 0;2,107;False;0;Indicator Limit 1;0,8930001;False;0;Indicator Limit 2;1,45;False;0;Indicator Limit 3;1,55;False;0;Indicator Obstacle 4;0,3716359;False;0;Indicator Obstacle 5;0,4941574;False;0;0
1251;87,752127;20170202T123206;Passthrough;True;0,1;Indicator Limit 0;2,106996;False;0;Indicator Limit 1;0,8930039;False;0;Indicator Limit 2;1,45;False;0;Indicator Limit 3;1,55;False;0;Indicator Obstacle 4;0,3716367;False;0;Indicator Obstacle 5;0,4941585;False;0;0
1252;87,961501;20170202T123206;Passthrough;True;0,1;Indicator Limit 0;2,107;False;0;Indicator Limit 1;0,8930001;False;0;Indicator Limit 2;1,45;False;0;Indicator Limit 3;1,55;False;0;Indicator Obstacle 4;0,3716359;False;0;Indicator Obstacle 5;0,4941574;False;0;0
1253;88,140085;20170202T123206;Passthrough;True;0,1;Indicator Limit 0;2,106996;False;0;Indicator Limit 1;0,8930039;False;0;Indicator Limit 2;1,45;False;0;Indicator Limit 3;1,55;False;0;Indicator Obstacle 4;0,3716367;False;0;Indicator Obstacle 5;0,4941585;False;0;0
1254;88,323615;20170202T123207;Passthrough;True;0,1;Indicator Limit 0;2,107;False;0;Indicator Limit 1;0,8930001;False;0;Indicator Limit 2;1,45;False;0;Indicator Limit 3;1,55;False;0;Indicator Obstacle 4;0,3716359;False;0;Indicator Obstacle 5;0,4941574;False;0;0
1255;88,511291;20170202T123207;Passthrough;True;0,1;Indicator Limit 0;2,107;False;0;Indicator Limit 1;0,8930001;False;0;Indicator Limit 2;1,45;False;0;Indicator Limit 3;1,55;False;0;Indicator Obstacle 4;0,3716359;False;0;Indicator Obstacle 5;0,4941574;False;0;0
1256;88,715199;20170202T123207;Passthrough;True;0,1;Indicator Limit 0;2,106996;False;0;Indicator Limit 1;0,8930039;False;0;Indicator Limit 2;1,45;False;0;Indicator Limit 3;1,55;False;0;Indicator Obstacle 4;0,3716367;False;0;Indicator Obstacle 5;0,4941585;False;0;0
1257;88,893115;20170202T123207;Passthrough;True;0,1;Indicator Limit 0;2,107;False;0;Indicator Limit 1;0,8930001;False;0;Indicator Limit 2;1,45;False;0;Indicator Limit 3;1,55;False;0;Indicator Obstacle 4;0,3716359;False;0;Indicator Obstacle 5;0,4941574;False;0;0
1258;89,107319;20170202T123207;Passthrough;True;0,1;Indicator Limit 0;2,107;False;0;Indicator Limit 1;0,8930001;False;0;Indicator Limit 2;1,45;False;0;Indicator Limit 3;1,55;False;0;Indicator Obstacle 4;0,3716359;False;0;Indicator Obstacle 5;0,4941574;False;0;0
1259;89,294321;20170202T123208;Passthrough;True;0,1;Indicator Limit 0;2,106996;False;0;Indicator Limit 1;0,8930039;False;0;Indicator Limit 2;1,45;False;0;Indicator Limit 3;1,55;False;0;Indicator Obstacle 4;0,3716367;False;0;Indicator Obstacle 5;0,4941585;False;0;0
1260;89,486904;20170202T123208;Passthrough;True;0,1;Indicator Limit 0;2,107;False;0;Indicator Limit 1;0,8930001;False;0;Indicator Limit 2;1,45;False;0;Indicator Limit 3;1,55;False;0;Indicator Obstacle 4;0,3716359;False;0;Indicator Obstacle 5;0,4941574;False;0;0
1261;89,662846;20170202T123208;Passthrough;True;0,1;Indicator Limit 0;2,106996;False;0;Indicator Limit 1;0,8930039;False;0;Indicator Limit 2;1,45;False;0;Indicator Limit 3;1,55;False;0;Indicator Obstacle 4;0,3716367;False;0;Indicator Obstacle 5;0,4941585;False;0;0
1262;89,859818;20170202T123208;Passthrough;True;0,1;Indicator Limit 0;2,107;False;0;Indicator Limit 1;0,8930001;False;0;Indicator Limit 2;1,45;False;0;Indicator Limit 3;1,55;False;0;Indicator Obstacle 4;0,3716359;False;0;Indicator Obstacle 5;0,4941574;False;0;0
1263;90,065826;20170202T123208;Passthrough;True;0,1;Indicator Limit 0;2,107;False;0;Indicator Limit 1;0,8930001;False;0;Indicator Limit 2;1,45;False;0;Indicator Limit 3;1,55;False;0;Indicator Obstacle 4;0,3716359;False;0;Indicator Obstacle 5;0,4941574;False;0;0
1264;90,248993;20170202T123209;Passthrough;True;0,1;Indicator Limit 0;2,106996;False;0;Indicator Limit 1;0,8930039;False;0;Indicator Limit 2;1,45;False;0;Indicator Limit 3;1,55;False;0;Indicator Obstacle 4;0,3716367;False;0;Indicator Obstacle 5;0,4941585;False;0;0
1265;90,465356;20170202T123209;Passthrough;True;0,1;Indicator Limit 0;2,107;False;0;Indicator Limit 1;0,8930001;False;0;Indicator Limit 2;1,45;False;0;Indicator Limit 3;1,55;False;0;Indicator Obstacle 4;0,3716359;False;0;Indicator Obstacle 5;0,4941574;False;0;0
1266;90,660195;20170202T123209;Passthrough;True;0,1;Indicator Limit 0;2,107;False;0;Indicator Limit 1;0,8930001;False;0;Indicator Limit 2;1,45;False;0;Indicator Limit 3;1,55;False;0;Indicator Obstacle 4;0,3716359;False;0;Indicator Obstacle 5;0,4941574;False;0;0
1267;90,859549;20170202T123209;Passthrough;True;0,1;Indicator Limit 0;2,107;False;0;Indicator Limit 1;0,8930001;False;0;Indicator Limit 2;1,45;False;0;Indicator Limit 3;1,55;False;0;Indicator Obstacle 4;0,3716359;False;0;Indicator Obstacle 5;0,4941574;False;0;0
1268;90,891376;20170202T123209;Passthrough;True;0,1;Indicator Limit 0;2,107;False;0;Indicator Limit 1;0,8930001;False;0;Indicator Limit 2;1,45;False;0;Indicator Limit 3;1,55;False;0;Indicator Obstacle 4;0,3716359;False;0;Indicator Obstacle 5;0,4941574;False;0;0
1269;90,914514;20170202T123209;Passthrough;True;0,1;Indicator Limit 0;2,107;False;0;Indicator Limit 1;0,8930001;False;0;Indicator Limit 2;1,45;False;0;Indicator Limit 3;1,55;False;0;Indicator Obstacle 4;0,3716359;False;0;Indicator Obstacle 5;0,4941574;False;0;0
1270;90,946738;20170202T123209;Passthrough;True;0,1;Indicator Limit 0;2,107;False;0;Indicator Limit 1;0,8930001;False;0;Indicator Limit 2;1,45;False;0;Indicator Limit 3;1,55;False;0;Indicator Obstacle 4;0,3716359;False;0;Indicator Obstacle 5;0,4941574;False;0;0
1271;90,975901;20170202T123209;Passthrough;True;0,1;Indicator Limit 0;2,107;False;0;Indicator Limit 1;0,8930001;False;0;Indicator Limit 2;1,45;False;0;Indicator Limit 3;1,55;False;0;Indicator Obstacle 4;0,3716359;False;0;Indicator Obstacle 5;0,4941574;False;0;0
1272;90,997907;20170202T123209;Passthrough;True;0,1;Indicator Limit 0;2,107;False;0;Indicator Limit 1;0,8930001;False;0;Indicator Limit 2;1,45;False;0;Indicator Limit 3;1,55;False;0;Indicator Obstacle 4;0,3716359;False;0;Indicator Obstacle 5;0,4941574;False;0;0
1273;91,030824;20170202T123209;Passthrough;True;0,1;Indicator Limit 0;2,107;False;0;Indicator Limit 1;0,8930001;False;0;Indicator Limit 2;1,45;False;0;Indicator Limit 3;1,55;False;0;Indicator Obstacle 4;0,3716359;False;0;Indicator Obstacle 5;0,4941574;False;0;0
1274;91,058531;20170202T123209;Passthrough;True;0,1;Indicator Limit 0;2,107;False;0;Indicator Limit 1;0,8930001;False;0;Indicator Limit 2;1,45;False;0;Indicator Limit 3;1,55;False;0;Indicator Obstacle 4;0,3716359;False;0;Indicator Obstacle 5;0,4941574;False;0;0
1275;91,078994;20170202T123209;Passthrough;True;0,1;Indicator Limit 0;2,107;False;0;Indicator Limit 1;0,8930001;False;0;Indicator Limit 2;1,45;False;0;Indicator Limit 3;1,55;False;0;Indicator Obstacle 4;0,3716359;False;0;Indicator Obstacle 5;0,4941574;False;0;0
1276;91,112971;20170202T123209;Passthrough;True;0,1;Indicator Limit 0;2,107;False;0;Indicator Limit 1;0,8930001;False;0;Indicator Limit 2;1,45;False;0;Indicator Limit 3;1,55;False;0;Indicator Obstacle 4;0,3716359;False;0;Indicator Obstacle 5;0,4941574;False;0;0
1277;91,14248;20170202T123209;Passthrough;True;0,1;Indicator Limit 0;2,107;False;0;Indicator Limit 1;0,8930001;False;0;Indicator Limit 2;1,45;False;0;Indicator Limit 3;1,55;False;0;Indicator Obstacle 4;0,3716359;False;0;Indicator Obstacle 5;0,4941574;False;0;0
1278;91,163659;20170202T123210;Passthrough;True;0,1;Indicator Limit 0;2,107;False;0;Indicator Limit 1;0,8930001;False;0;Indicator Limit 2;1,45;False;0;Indicator Limit 3;1,55;False;0;Indicator Obstacle 4;0,3716359;False;0;Indicator Obstacle 5;0,4941574;False;0;0
1279;91,1972;20170202T123210;Passthrough;True;0,1;Indicator Limit 0;2,107;False;0;Indicator Limit 1;0,8930001;False;0;Indicator Limit 2;1,45;False;0;Indicator Limit 3;1,55;False;0;Indicator Obstacle 4;0,3716359;False;0;Indicator Obstacle 5;0,4941574;False;0;0
1280;91,22719;20170202T123210;Passthrough;True;0,1;Indicator Limit 0;2,107;False;0;Indicator Limit 1;0,8930001;False;0;Indicator Limit 2;1,45;False;0;Indicator Limit 3;1,55;False;0;Indicator Obstacle 4;0,3716359;False;0;Indicator Obstacle 5;0,4941574;False;0;0
1281;91,249751;20170202T123210;Passthrough;True;0,1;Indicator Limit 0;2,107;False;0;Indicator Limit 1;0,8930001;False;0;Indicator Limit 2;1,45;False;0;Indicator Limit 3;1,55;False;0;Indicator Obstacle 4;0,3716359;False;0;Indicator Obstacle 5;0,4941574;False;0;0
1282;91,279765;20170202T123210;Passthrough;True;0,1;Indicator Limit 0;2,107;False;0;Indicator Limit 1;0,8930001;False;0;Indicator Limit 2;1,45;False;0;Indicator Limit 3;1,55;False;0;Indicator Obstacle 4;0,3716359;False;0;Indicator Obstacle 5;0,4941574;False;0;0
1283;91,294135;20170202T123210;Passthrough;True;0,1;Indicator Limit 0;2,107;False;0;Indicator Limit 1;0,8930001;False;0;Indicator Limit 2;1,45;False;0;Indicator Limit 3;1,55;False;0;Indicator Obstacle 4;0,3716359;False;0;Indicator Obstacle 5;0,4941574;False;0;0
1284;91,309854;20170202T123210;Passthrough;True;0,1;Indicator Limit 0;2,107;False;0;Indicator Limit 1;0,8930001;False;0;Indicator Limit 2;1,45;False;0;Indicator Limit 3;1,55;False;0;Indicator Obstacle 4;0,3716359;False;0;Indicator Obstacle 5;0,4941574;False;0;0
1285;91,331849;20170202T123210;Passthrough;True;0,1;Indicator Limit 0;2,107;False;0;Indicator Limit 1;0,8930001;False;0;Indicator Limit 2;1,45;False;0;Indicator Limit 3;1,55;False;0;Indicator Obstacle 4;0,3716359;False;0;Indicator Obstacle 5;0,4941574;False;0;0
1286;91,363235;20170202T123210;Passthrough;True;0,1;Indicator Limit 0;2,107;False;0;Indicator Limit 1;0,8930001;False;0;Indicator Limit 2;1,45;False;0;Indicator Limit 3;1,55;False;0;Indicator Obstacle 4;0,3716359;False;0;Indicator Obstacle 5;0,4941574;False;0;0
1287;91,377878;20170202T123210;Passthrough;True;0,1;Indicator Limit 0;2,107;False;0;Indicator Limit 1;0,8930001;False;0;Indicator Limit 2;1,45;False;0;Indicator Limit 3;1,55;False;0;Indicator Obstacle 4;0,3716359;False;0;Indicator Obstacle 5;0,4941574;False;0;0
1288;91,39331;20170202T123210;Passthrough;True;0,1;Indicator Limit 0;2,107;False;0;Indicator Limit 1;0,8930001;False;0;Indicator Limit 2;1,45;False;0;Indicator Limit 3;1,55;False;0;Indicator Obstacle 4;0,3716359;False;0;Indicator Obstacle 5;0,4941574;False;0;0
1289;91,414532;20170202T123210;Passthrough;True;0,1;Indicator Limit 0;2,107;False;0;Indicator Limit 1;0,8930001;False;0;Indicator Limit 2;1,45;False;0;Indicator Limit 3;1,55;False;0;Indicator Obstacle 4;0,3716359;False;0;Indicator Obstacle 5;0,4941574;False;0;0
1291;91,481545;20170202T123210;Passthrough;True;0,1;Indicator Limit 0;2,107;False;0;Indicator Limit 1;0,8930001;False;0;Indicator Limit 2;1,45;False;0;Indicator Limit 3;1,55;False;0;Indicator Obstacle 4;0,3716359;False;0;Indicator Obstacle 5;0,4941574;False;0;0
1292;91,510738;20170202T123210;Passthrough;True;0,1;Indicator Limit 0;2,107;False;0;Indicator Limit 1;0,8930001;False;0;Indicator Limit 2;1,45;False;0;Indicator Limit 3;1,55;False;0;Indicator Obstacle 4;0,3716359;False;0;Indicator Obstacle 5;0,4941574;False;0;0
1293;91,533855;20170202T123210;Passthrough;True;0,1;Indicator Limit 0;2,107;False;0;Indicator Limit 1;0,8930001;False;0;Indicator Limit 2;1,45;False;0;Indicator Limit 3;1,55;False;0;Indicator Obstacle 4;0,3716359;False;0;Indicator Obstacle 5;0,4941574;False;0;0
1294;91,561541;20170202T123210;Passthrough;True;0,1;Indicator Limit 0;2,107;False;0;Indicator Limit 1;0,8930001;False;0;Indicator Limit 2;1,45;False;0;Indicator Limit 3;1,55;False;0;Indicator Obstacle 4;0,3716359;False;0;Indicator Obstacle 5;0,4941574;False;0;0
1295;91,583426;20170202T123210;Passthrough;True;0,1;Indicator Limit 0;2,107;False;0;Indicator Limit 1;0,8930001;False;0;Indicator Limit 2;1,45;False;0;Indicator Limit 3;1,55;False;0;Indicator Obstacle 4;0,3716359;False;0;Indicator Obstacle 5;0,4941574;False;0;0
1296;91,616663;20170202T123210;Passthrough;True;0,1;Indicator Limit 0;2,107;False;0;Indicator Limit 1;0,8930001;False;0;Indicator Limit 2;1,45;False;0;Indicator Limit 3;1,55;False;0;Indicator Obstacle 4;0,3716359;False;0;Indicator Obstacle 5;0,4941574;False;0;0
1297;91,650615;20170202T123210;Passthrough;True;0,1;Indicator Limit 0;2,107;False;0;Indicator Limit 1;0,8930001;False;0;Indicator Limit 2;1,45;False;0;Indicator Limit 3;1,55;False;0;Indicator Obstacle 4;0,3716359;False;0;Indicator Obstacle 5;0,4941574;False;0;0
1298;91,678235;20170202T123210;Passthrough;True;0,1;Indicator Limit 0;2,107;False;0;Indicator Limit 1;0,8930001;False;0;Indicator Limit 2;1,45;False;0;Indicator Limit 3;1,55;False;0;Indicator Obstacle 4;0,3716359;False;0;Indicator Obstacle 5;0,4941574;False;0;0
1299;91,698354;20170202T123210;Passthrough;True;0,1;Indicator Limit 0;2,107;False;0;Indicator Limit 1;0,8930001;False;0;Indicator Limit 2;1,45;False;0;Indicator Limit 3;1,55;False;0;Indicator Obstacle 4;0,3716359;False;0;Indicator Obstacle 5;0,4941574;False;0;0
1300;91,734273;20170202T123210;Passthrough;True;0,1;Indicator Limit 0;2,107;False;0;Indicator Limit 1;0,8930001;False;0;Indicator Limit 2;1,45;False;0;Indicator Limit 3;1,55;False;0;Indicator Obstacle 4;0,3716359;False;0;Indicator Obstacle 5;0,4941574;False;0;0
1301;91,76217;20170202T123210;Passthrough;True;0,1;Indicator Limit 0;2,107;False;0;Indicator Limit 1;0,8930001;False;0;Indicator Limit 2;1,45;False;0;Indicator Limit 3;1,55;False;0;Indicator Obstacle 4;0,3716359;False;0;Indicator Obstacle 5;0,4941574;False;0;0
1302;91,802678;20170202T123210;Passthrough;True;0,1;Indicator Limit 0;2,106997;False;0;Indicator Limit 1;0,893003;False;0;Indicator Limit 2;1,45;False;0;Indicator Limit 3;1,55;False;0;Indicator Obstacle 4;0,3716365;False;0;Indicator Obstacle 5;0,4941583;False;0;0
1303;91,990655;20170202T123210;Passthrough;True;0,1;Indicator Limit 0;2,106997;False;0;Indicator Limit 1;0,8930024;False;0;Indicator Limit 2;1,45;False;0;Indicator Limit 3;1,55;False;0;Indicator Obstacle 4;0,3716364;False;0;Indicator Obstacle 5;0,4941581;False;0;0
1304;92,184379;20170202T123211;Passthrough;True;0,1;Indicator Limit 0;2,106997;False;0;Indicator Limit 1;0,8930029;False;0;Indicator Limit 2;1,45;False;0;Indicator Limit 3;1,55;False;0;Indicator Obstacle 4;0,3716365;False;0;Indicator Obstacle 5;0,4941582;False;0;0
1305;92,375314;20170202T123211;Passthrough;True;0,1;Indicator Limit 0;2,107002;False;0;Indicator Limit 1;0,8929985;False;0;Indicator Limit 2;1,45;False;0;Indicator Limit 3;1,55;False;0;Indicator Obstacle 4;0,3716355;False;0;Indicator Obstacle 5;0,4941569;False;0;0
1306;92,564345;20170202T123211;Passthrough;True;0,1;Indicator Limit 0;2,106997;False;0;Indicator Limit 1;0,8930029;False;0;Indicator Limit 2;1,45;False;0;Indicator Limit 3;1,55;False;0;Indicator Obstacle 4;0,3716365;False;0;Indicator Obstacle 5;0,4941582;False;0;0
1307;92,771916;20170202T123211;Passthrough;True;0,1;Indicator Limit 0;2,107;False;0;Indicator Limit 1;0,8929995;False;0;Indicator Limit 2;1,45;False;0;Indicator Limit 3;1,55;False;0;Indicator Obstacle 4;0,3716357;False;0;Indicator Obstacle 5;0,4941573;False;0;0
1308;92,976374;20170202T123211;Passthrough;True;0,1;Indicator Limit 0;2,106995;False;0;Indicator Limit 1;0,893005;False;0;Indicator Limit 2;1,45;False;0;Indicator Limit 3;1,55;False;0;Indicator Obstacle 4;0,3716369;False;0;Indicator Obstacle 5;0,4941588;False;0;0
1309;93,178728;20170202T123212;Passthrough;True;0,1;Indicator Limit 0;2,106998;False;0;Indicator Limit 1;0,8930017;False;0;Indicator Limit 2;1,45;False;0;Indicator Limit 3;1,55;False;0;Indicator Obstacle 4;0,3716362;False;0;Indicator Obstacle 5;0,4941579;False;0;0
1310;93,364778;20170202T123212;Passthrough;True;0,1;Indicator Limit 0;2,106999;False;0;Indicator Limit 1;0,8930012;False;0;Indicator Limit 2;1,45;False;0;Indicator Limit 3;1,55;False;0;Indicator Obstacle 4;0,3716362;False;0;Indicator Obstacle 5;0,4941577;False;0;0
1311;93,54902;20170202T123212;Passthrough;True;0,1;Indicator Limit 0;2,106999;False;0;Indicator Limit 1;0,8930007;False;0;Indicator Limit 2;1,45;False;0;Indicator Limit 3;1,55;False;0;Indicator Obstacle 4;0,371636;False;0;Indicator Obstacle 5;0,4941576;False;0;0
1312;93,732646;20170202T123212;Passthrough;True;0,1;Indicator Limit 0;2,107;False;0;Indicator Limit 1;0,8929996;False;0;Indicator Limit 2;1,45;False;0;Indicator Limit 3;1,55;False;0;Indicator Obstacle 4;0,3716358;False;0;Indicator Obstacle 5;0,4941573;False;0;0
1313;93,921467;20170202T123212;Passthrough;True;0,1;Indicator Limit 0;2,106996;False;0;Indicator Limit 1;0,8930045;False;0;Indicator Limit 2;1,45;False;0;Indicator Limit 3;1,55;False;0;Indicator Obstacle 4;0,3716369;False;0;Indicator Obstacle 5;0,4941587;False;0;0
1314;94,104497;20170202T123212;Passthrough;True;0,1;Indicator Limit 0;2,106998;False;0;Indicator Limit 1;0,8930018;False;0;Indicator Limit 2;1,45;False;0;Indicator Limit 3;1,55;False;0;Indicator Obstacle 4;0,3716362;False;0;Indicator Obstacle 5;0,4941579;False;0;0
1315;94,285272;20170202T123213;Passthrough;True;0,1;Indicator Limit 0;2,107001;False;0;Indicator Limit 1;0,8929986;False;0;Indicator Limit 2;1,45;False;0;Indicator Limit 3;1,55;False;0;Indicator Obstacle 4;0,3716356;False;0;Indicator Obstacle 5;0,494157;False;0;0
1316;94,469893;20170202T123213;Passthrough;True;0,1;Indicator Limit 0;2,106998;False;0;Indicator Limit 1;0,8930018;False;0;Indicator Limit 2;1,45;False;0;Indicator Limit 3;1,55;False;0;Indicator Obstacle 4;0,3716362;False;0;Indicator Obstacle 5;0,4941579;False;0;0
1317;94,655379;20170202T123213;Passthrough;True;0,1;Indicator Limit 0;2,106999;False;0;Indicator Limit 1;0,8930007;False;0;Indicator Limit 2;1,45;False;0;Indicator Limit 3;1,55;False;0;Indicator Obstacle 4;0,371636;False;0;Indicator Obstacle 5;0,4941576;False;0;0
1318;94,858169;20170202T123213;Passthrough;True;0,1;Indicator Limit 0;2,106998;False;0;Indicator Limit 1;0,8930023;False;0;Indicator Limit 2;1,45;False;0;Indicator Limit 3;1,55;False;0;Indicator Obstacle 4;0,3716364;False;0;Indicator Obstacle 5;0,494158;False;0;0
1319;95,092671;20170202T123213;Passthrough;True;0,1;Indicator Limit 0;2,106997;False;0;Indicator Limit 1;0,8930033;False;0;Indicator Limit 2;1,45;False;0;Indicator Limit 3;1,55;False;0;Indicator Obstacle 4;0,3716366;False;0;Indicator Obstacle 5;0,4941583;False;0;0
1320;95,302403;20170202T123214;Passthrough;True;0,1;Indicator Limit 0;2,107001;False;0;Indicator Limit 1;0,8929991;False;0;Indicator Limit 2;1,45;False;0;Indicator Limit 3;1,55;False;0;Indicator Obstacle 4;0,3716356;False;0;Indicator Obstacle 5;0,4941571;False;0;0
1321;95,497906;20170202T123214;Passthrough;True;0,1;Indicator Limit 0;2,106998;False;0;Indicator Limit 1;0,8930023;False;0;Indicator Limit 2;1,45;False;0;Indicator Limit 3;1,55;False;0;Indicator Obstacle 4;0,3716364;False;0;Indicator Obstacle 5;0,494158;False;0;0
1322;95,7023;20170202T123214;Passthrough;True;0,1;Indicator Limit 0;2,106997;False;0;Indicator Limit 1;0,8930029;False;0;Indicator Limit 2;1,45;False;0;Indicator Limit 3;1,55;False;0;Indicator Obstacle 4;0,3716365;False;0;Indicator Obstacle 5;0,4941582;False;0;0
1323;95,892859;20170202T123214;Passthrough;True;0,1;Indicator Limit 0;2,107;False;0;Indicator Limit 1;0,8929995;False;0;Indicator Limit 2;1,45;False;0;Indicator Limit 3;1,55;False;0;Indicator Obstacle 4;0,3716357;False;0;Indicator Obstacle 5;0,4941573;False;0;0
1324;96,105239;20170202T123214;Passthrough;True;0,1;Indicator Limit 0;2,106997;False;0;Indicator Limit 1;0,8930033;False;0;Indicator Limit 2;1,45;False;0;Indicator Limit 3;1,55;False;0;Indicator Obstacle 4;0,3716366;False;0;Indicator Obstacle 5;0,4941583;False;0;0
1325;96,321418;20170202T123215;Passthrough;True;0,1;Indicator Limit 0;2,106997;False;0;Indicator Limit 1;0,8930033;False;0;Indicator Limit 2;1,45;False;0;Indicator Limit 3;1,55;False;0;Indicator Obstacle 4;0,3716366;False;0;Indicator Obstacle 5;0,4941583;False;0;0
1326;96,514214;20170202T123215;Passthrough;True;0,1;Indicator Limit 0;2,107;False;0;Indicator Limit 1;0,8929995;False;0;Indicator Limit 2;1,45;False;0;Indicator Limit 3;1,55;False;0;Indicator Obstacle 4;0,3716357;False;0;Indicator Obstacle 5;0,4941573;False;0;0
1327;96,723846;20170202T123215;Passthrough;True;0,1;Indicator Limit 0;2,106997;False;0;Indicator Limit 1;0,8930033;False;0;Indicator Limit 2;1,45;False;0;Indicator Limit 3;1,55;False;0;Indicator Obstacle 4;0,3716366;False;0;Indicator Obstacle 5;0,4941583;False;0;0
1328;96,939288;20170202T123215;Passthrough;True;0,1;Indicator Limit 0;2,107;False;0;Indicator Limit 1;0,8929995;False;0;Indicator Limit 2;1,45;False;0;Indicator Limit 3;1,55;False;0;Indicator Obstacle 4;0,3716357;False;0;Indicator Obstacle 5;0,4941573;False;0;0
1329;97,154605;20170202T123216;Passthrough;True;0,1;Indicator Limit 0;2,106997;False;0;Indicator Limit 1;0,8930033;False;0;Indicator Limit 2;1,45;False;0;Indicator Limit 3;1,55;False;0;Indicator Obstacle 4;0,3716366;False;0;Indicator Obstacle 5;0,4941583;False;0;0
1330;97,351312;20170202T123216;Passthrough;True;0,1;Indicator Limit 0;2,107;False;0;Indicator Limit 1;0,8929995;False;0;Indicator Limit 2;1,45;False;0;Indicator Limit 3;1,55;False;0;Indicator Obstacle 4;0,3716357;False;0;Indicator Obstacle 5;0,4941573;False;0;0
1331;97,544282;20170202T123216;Passthrough;True;0,1;Indicator Limit 0;2,106997;False;0;Indicator Limit 1;0,8930033;False;0;Indicator Limit 2;1,45;False;0;Indicator Limit 3;1,55;False;0;Indicator Obstacle 4;0,3716366;False;0;Indicator Obstacle 5;0,4941583;False;0;0
1332;97,760962;20170202T123216;Passthrough;True;0,1;Indicator Limit 0;2,107;False;0;Indicator Limit 1;0,8929995;False;0;Indicator Limit 2;1,45;False;0;Indicator Limit 3;1,55;False;0;Indicator Obstacle 4;0,3716357;False;0;Indicator Obstacle 5;0,4941573;False;0;0
1334;98,179017;20170202T123217;Passthrough;True;0,1;Indicator Limit 0;2,107;False;0;Indicator Limit 1;0,8929995;False;0;Indicator Limit 2;1,45;False;0;Indicator Limit 3;1,55;False;0;Indicator Obstacle 4;0,3716357;False;0;Indicator Obstacle 5;0,4941573;False;0;0
1335;98,382546;20170202T123217;Passthrough;True;0,1;Indicator Limit 0;2,106997;False;0;Indicator Limit 1;0,8930033;False;0;Indicator Limit 2;1,45;False;0;Indicator Limit 3;1,55;False;0;Indicator Obstacle 4;0,3716366;False;0;Indicator Obstacle 5;0,4941583;False;0;0
1336;98,582274;20170202T123217;Passthrough;True;0,1;Indicator Limit 0;2,107;False;0;Indicator Limit 1;0,8929995;False;0;Indicator Limit 2;1,45;False;0;Indicator Limit 3;1,55;False;0;Indicator Obstacle 4;0,3716357;False;0;Indicator Obstacle 5;0,4941573;False;0;0
1337;98,774633;20170202T123217;Passthrough;True;0,1;Indicator Limit 0;2,106997;False;0;Indicator Limit 1;0,8930033;False;0;Indicator Limit 2;1,45;False;0;Indicator Limit 3;1,55;False;0;Indicator Obstacle 4;0,3716366;False;0;Indicator Obstacle 5;0,4941583;False;0;0
1338;98,984201;20170202T123217;Passthrough;True;0,1;Indicator Limit 0;2,107;False;0;Indicator Limit 1;0,8929995;False;0;Indicator Limit 2;1,45;False;0;Indicator Limit 3;1,55;False;0;Indicator Obstacle 4;0,3716357;False;0;Indicator Obstacle 5;0,4941573;False;0;0
1339;99,17914;20170202T123218;Passthrough;True;0,1;Indicator Limit 0;2,106997;False;0;Indicator Limit 1;0,8930033;False;0;Indicator Limit 2;1,45;False;0;Indicator Limit 3;1,55;False;0;Indicator Obstacle 4;0,3716366;False;0;Indicator Obstacle 5;0,4941583;False;0;0
1340;99,402427;20170202T123218;Passthrough;True;0,1;Indicator Limit 0;2,106997;False;0;Indicator Limit 1;0,8930033;False;0;Indicator Limit 2;1,45;False;0;Indicator Limit 3;1,55;False;0;Indicator Obstacle 4;0,3716366;False;0;Indicator Obstacle 5;0,4941583;False;0;0
1341;99,561228;20170202T123218;Passthrough;True;0,1;Indicator Limit 0;2,107;False;0;Indicator Limit 1;0,8929995;False;0;Indicator Limit 2;1,45;False;0;Indicator Limit 3;1,55;False;0;Indicator Obstacle 4;0,3716357;False;0;Indicator Obstacle 5;0,4941573;False;0;0
1342;99,745109;20170202T123218;Passthrough;True;0,1;Indicator Limit 0;2,106997;False;0;Indicator Limit 1;0,8930033;False;0;Indicator Limit 2;1,45;False;0;Indicator Limit 3;1,55;False;0;Indicator Obstacle 4;0,3716366;False;0;Indicator Obstacle 5;0,4941583;False;0;0
1343;99,929183;20170202T123218;Passthrough;True;0,1;Indicator Limit 0;2,107;False;0;Indicator Limit 1;0,8929995;False;0;Indicator Limit 2;1,45;False;0;Indicator Limit 3;1,55;False;0;Indicator Obstacle 4;0,3716357;False;0;Indicator Obstacle 5;0,4941573;False;0;0
1344;100,113578;20170202T123218;Passthrough;True;0,1;Indicator Limit 0;2,106997;False;0;Indicator Limit 1;0,8930033;False;0;Indicator Limit 2;1,45;False;0;Indicator Limit 3;1,55;False;0;Indicator Obstacle 4;0,3716366;False;0;Indicator Obstacle 5;0,4941583;False;0;0
1345;100,306567;20170202T123219;Passthrough;True;0,1;Indicator Limit 0;2,107;False;0;Indicator Limit 1;0,8929995;False;0;Indicator Limit 2;1,45;False;0;Indicator Limit 3;1,55;False;0;Indicator Obstacle 4;0,3716357;False;0;Indicator Obstacle 5;0,4941573;False;0;0
1346;100,483291;20170202T123219;Passthrough;True;0,1;Indicator Limit 0;2,106997;False;0;Indicator Limit 1;0,8930033;False;0;Indicator Limit 2;1,45;False;0;Indicator Limit 3;1,55;False;0;Indicator Obstacle 4;0,3716366;False;0;Indicator Obstacle 5;0,4941583;False;0;0
1347;100,670904;20170202T123219;Passthrough;True;0,1;Indicator Limit 0;2,107;False;0;Indicator Limit 1;0,8929995;False;0;Indicator Limit 2;1,45;False;0;Indicator Limit 3;1,55;False;0;Indicator Obstacle 4;0,3716357;False;0;Indicator Obstacle 5;0,4941573;False;0;0
1348;100,850008;20170202T123219;Passthrough;True;0,1;Indicator Limit 0;2,106997;False;0;Indicator Limit 1;0,8930033;False;0;Indicator Limit 2;1,45;False;0;Indicator Limit 3;1,55;False;0;Indicator Obstacle 4;0,3716366;False;0;Indicator Obstacle 5;0,4941583;False;0;0
1349;101,047658;20170202T123219;Passthrough;True;0,1;Indicator Limit 0;2,107;False;0;Indicator Limit 1;0,8929995;False;0;Indicator Limit 2;1,45;False;0;Indicator Limit 3;1,55;False;0;Indicator Obstacle 4;0,3716357;False;0;Indicator Obstacle 5;0,4941573;False;0;0
1350;101,246135;20170202T123220;Passthrough;True;0,1;Indicator Limit 0;2,106997;False;0;Indicator Limit 1;0,8930033;False;0;Indicator Limit 2;1,45;False;0;Indicator Limit 3;1,55;False;0;Indicator Obstacle 4;0,3716366;False;0;Indicator Obstacle 5;0,4941583;False;0;0
1351;101,436615;20170202T123220;Passthrough;True;0,1;Indicator Limit 0;2,107;False;0;Indicator Limit 1;0,8929995;False;0;Indicator Limit 2;1,45;False;0;Indicator Limit 3;1,55;False;0;Indicator Obstacle 4;0,3716357;False;0;Indicator Obstacle 5;0,4941573;False;0;0
1352;101,647184;20170202T123220;Passthrough;True;0,1;Indicator Limit 0;2,106997;False;0;Indicator Limit 1;0,8930033;False;0;Indicator Limit 2;1,45;False;0;Indicator Limit 3;1,55;False;0;Indicator Obstacle 4;0,3716366;False;0;Indicator Obstacle 5;0,4941583;False;0;0
1353;101,882322;20170202T123220;Passthrough;True;0,1;Indicator Limit 0;2,107;False;0;Indicator Limit 1;0,8929995;False;0;Indicator Limit 2;1,45;False;0;Indicator Limit 3;1,55;False;0;Indicator Obstacle 4;0,3716357;False;0;Indicator Obstacle 5;0,4941573;False;0;0
1354;102,096958;20170202T123220;Passthrough;True;0,1;Indicator Limit 0;2,106997;False;0;Indicator Limit 1;0,8930033;False;0;Indicator Limit 2;1,45;False;0;Indicator Limit 3;1,55;False;0;Indicator Obstacle 4;0,3716366;False;0;Indicator Obstacle 5;0,4941583;False;0;0
1355;102,320299;20170202T123221;Passthrough;True;0,1;Indicator Limit 0;2,107;False;0;Indicator Limit 1;0,8929995;False;0;Indicator Limit 2;1,45;False;0;Indicator Limit 3;1,55;False;0;Indicator Obstacle 4;0,3716357;False;0;Indicator Obstacle 5;0,4941573;False;0;0
1356;102,509026;20170202T123221;Passthrough;True;0,1;Indicator Limit 0;2,106997;False;0;Indicator Limit 1;0,8930033;False;0;Indicator Limit 2;1,45;False;0;Indicator Limit 3;1,55;False;0;Indicator Obstacle 4;0,3716366;False;0;Indicator Obstacle 5;0,4941583;False;0;0
1357;102,692357;20170202T123221;Passthrough;True;0,1;Indicator Limit 0;2,106997;False;0;Indicator Limit 1;0,8930033;False;0;Indicator Limit 2;1,45;False;0;Indicator Limit 3;1,55;False;0;Indicator Obstacle 4;0,3716366;False;0;Indicator Obstacle 5;0,4941583;False;0;0
1358;102,885985;20170202T123221;Passthrough;True;0,1;Indicator Limit 0;2,107;False;0;Indicator Limit 1;0,8929995;False;0;Indicator Limit 2;1,45;False;0;Indicator Limit 3;1,55;False;0;Indicator Obstacle 4;0,3716357;False;0;Indicator Obstacle 5;0,4941573;False;0;0
1359;103,111222;20170202T123221;Passthrough;True;0,1;Indicator Limit 0;2,106997;False;0;Indicator Limit 1;0,8930033;False;0;Indicator Limit 2;1,45;False;0;Indicator Limit 3;1,55;False;0;Indicator Obstacle 4;0,3716366;False;0;Indicator Obstacle 5;0,4941583;False;0;0
1360;103,647047;20170202T123222;Passthrough;True;0,1;Indicator Limit 0;2,107;False;0;Indicator Limit 1;0,8929995;False;0;Indicator Limit 2;1,45;False;0;Indicator Limit 3;1,55;False;0;Indicator Obstacle 4;0,3716357;False;0;Indicator Obstacle 5;0,4941573;False;0;0
1361;103,894924;20170202T123222;Passthrough;True;0,1;Indicator Limit 0;2,106997;False;0;Indicator Limit 1;0,8930033;False;0;Indicator Limit 2;1,45;False;0;Indicator Limit 3;1,55;False;0;Indicator Obstacle 4;0,3716366;False;0;Indicator Obstacle 5;0,4941583;False;0;0
1362;104,231117;20170202T123223;Passthrough;True;0,1;Indicator Limit 0;2,107;False;0;Indicator Limit 1;0,8929995;False;0;Indicator Limit 2;1,45;False;0;Indicator Limit 3;1,55;False;0;Indicator Obstacle 4;0,3716357;False;0;Indicator Obstacle 5;0,4941573;False;0;0
1363;104,511448;20170202T123223;Passthrough;True;0,1;Indicator Limit 0;2,106997;False;0;Indicator Limit 1;0,8930033;False;0;Indicator Limit 2;1,45;False;0;Indicator Limit 3;1,55;False;0;Indicator Obstacle 4;0,3716366;False;0;Indicator Obstacle 5;0,4941583;False;0;0
1364;104,712891;20170202T123223;Passthrough;True;0,1;Indicator Limit 0;2,107;False;0;Indicator Limit 1;0,8929995;False;0;Indicator Limit 2;1,45;False;0;Indicator Limit 3;1,55;False;0;Indicator Obstacle 4;0,3716357;False;0;Indicator Obstacle 5;0,4941573;False;0;0
1365;104,905966;20170202T123223;Passthrough;True;0,1;Indicator Limit 0;2,106997;False;0;Indicator Limit 1;0,8930033;False;0;Indicator Limit 2;1,45;False;0;Indicator Limit 3;1,55;False;0;Indicator Obstacle 4;0,3716366;False;0;Indicator Obstacle 5;0,4941583;False;0;0
1366;105,083565;20170202T123223;Passthrough;True;0,1;Indicator Limit 0;2,107;False;0;Indicator Limit 1;0,8929995;False;0;Indicator Limit 2;1,45;False;0;Indicator Limit 3;1,55;False;0;Indicator Obstacle 4;0,3716357;False;0;Indicator Obstacle 5;0,4941573;False;0;0
1367;105,288458;20170202T123224;Passthrough;True;0,1;Indicator Limit 0;2,106997;False;0;Indicator Limit 1;0,8930033;False;0;Indicator Limit 2;1,45;False;0;Indicator Limit 3;1,55;False;0;Indicator Obstacle 4;0,3716366;False;0;Indicator Obstacle 5;0,4941583;False;0;0
1368;105,482066;20170202T123224;Passthrough;True;0,1;Indicator Limit 0;2,107;False;0;Indicator Limit 1;0,8929995;False;0;Indicator Limit 2;1,45;False;0;Indicator Limit 3;1,55;False;0;Indicator Obstacle 4;0,3716357;False;0;Indicator Obstacle 5;0,4941573;False;0;0
